epoch,train_loss,val_ap,val_auc
1,0.5696767303286752,0.3463757771955682,0.8108694716519409
2,0.47575995657939035,0.7540089834132457,0.8999440478605992
3,0.4038404605968633,0.7993399402968887,0.9198470231617263
4,0.362846698622324,0.7647479878345472,0.8998887105798732
5,0.3284463065069271,0.8173491920096789,0.911116029980509
6,0.31080261811295457,0.8399687123602128,0.9350709239481305
7,0.2842671215149037,0.8567925231608864,0.9496861146465485
8,0.2691378716052277,0.8675690639501523,0.9444782616715548
9,0.2551526572230876,0.8506629219686302,0.9385633212206175
10,0.2349820899432776,0.8721250772427188,0.9579313694747262
11,0.21909269310740087,0.8906729762451001,0.9589766292217734
12,0.22386019077115565,0.9200024077798908,0.9771088115396676
13,0.1955483674081516,0.8786056750786582,0.9471467483198986
14,0.20149466693797308,0.9117793365020511,0.9707511728429221
15,0.18560500035850103,0.9006542482774038,0.9641106991557991
16,0.18832558916161957,0.8719044648844525,0.9626411869231857
17,0.16601042733224552,0.9232939241012498,0.9826794311327541
18,0.159408382161586,0.9274182066341093,0.9790640621253205
19,0.14463670182082658,0.9299727159526634,0.9814312680230449
20,0.14994554377049263,0.9294255202938737,0.9813082962880981
21,0.13927347726264083,0.9318832289504753,0.9855323753835181
22,0.136846643120774,0.9244142263207831,0.9760266602721365
23,0.13783340988520307,0.924510116274903,0.9802937794747877
24,0.1343337327407486,0.9410501641718623,0.9846285331316598
25,0.12421249603034362,0.9407906121237252,0.9836939479460646
26,0.11040789897670952,0.9410964831155884,0.9843149552075455
27,0.11707506315682098,0.9354118494182098,0.9790763592988152
28,0.11550232014721294,0.937485718251769,0.9846838704123857
29,0.11032678540298826,0.9322477480410184,0.9808225579350587
30,0.10300902803964496,0.9519848644204206,0.9892522703656563
31,0.08691827552682184,0.9464394645339212,0.9863993261148924
32,0.09013778716415753,0.9363670722916085,0.9791255479927939
33,0.09126945608365808,0.949557913601808,0.986227165685967
34,0.08450930085569092,0.9493949377848712,0.9852679861533826
35,0.09163689814748245,0.9425935958092458,0.9834787474099078
36,0.08245240714432954,0.9485133517497741,0.9858828448281163
37,0.08051165854503227,0.9485798134777219,0.9870633734836047
38,0.08688019777261516,0.9484981442844956,0.9861841255787357
39,0.07317420045978738,0.9495559947981211,0.9863685831811558
40,0.07869577936550055,0.9488741136287266,0.9859197363486003
