corpus,source_class,label
ESC-50,airplane,Good
ESC-50,breathing,Good
ESC-50,brushing_teeth,Good
ESC-50,can_opening,Good
ESC-50,car_horn,Good
ESC-50,cat,Good
ESC-50,chainsaw,Bad
ESC-50,chirping_birds,Good
ESC-50,church_bells,Good
ESC-50,clapping,Good
ESC-50,clock_alarm,Good
ESC-50,clock_tick,Good
ESC-50,coughing,Good
ESC-50,cow,Good
ESC-50,crackling_fire,Good
ESC-50,crickets,Good
ESC-50,crow,Good
ESC-50,crying_baby,Good
ESC-50,dog,Good
ESC-50,door_wood_creaks,Good
ESC-50,door_wood_knock,Good
ESC-50,drinking_sipping,Good
ESC-50,engine,Good
ESC-50,fireworks,Bad
ESC-50,footsteps,Good
ESC-50,frog,Good
ESC-50,glass_breaking,Bad
ESC-50,hand_saw,Bad
ESC-50,helicopter,Good
ESC-50,hen,Good
ESC-50,insects,Good
ESC-50,keyboard_typing,Good
ESC-50,laughing,Good
ESC-50,mouse_click,Good
ESC-50,pig,Good
ESC-50,pouring_water,Good
ESC-50,rain,Good
ESC-50,rooster,Good
ESC-50,sea_waves,Good
ESC-50,sheep,Good
ESC-50,siren,Bad
ESC-50,sneezing,Good
ESC-50,snoring,Good
ESC-50,thunderstorm,Good
ESC-50,toilet_flush,Good
ESC-50,train,Good
ESC-50,vacuum_cleaner,Good
ESC-50,washing_machine,Good
ESC-50,water_drops,Good
ESC-50,wind,Good
UrbanSound8K,air_conditioner,Good
UrbanSound8K,car_horn,Good
UrbanSound8K,children_playing,Good
UrbanSound8K,dog_bark,Good
UrbanSound8K,drilling,Good
UrbanSound8K,engine_idling,Good
UrbanSound8K,gun_shot,Bad
UrbanSound8K,jackhammer,Good
UrbanSound8K,siren,Bad
UrbanSound8K,street_music,Good
